"vertex","seed_642","seed_647","seed_672","seed_604","seed_645","seed_614","seed_680","seed_681","seed_657","seed_629"
"vertex_1","'d 'll 's by come she work","'d 'll 'm 're 's by work","'d 'll 'm 're by things though wanted work","'d come guy she things will work","'d 'll 'm 're 's by got na things though wanted","'d 'll 'm 's by guy things","'s na she very","'d 'll 's by come work","'m 's 've all another as at cause come five get goes good guy has if in my okay one something ten things though three time wanted went will work","'d 'll 'm 's she though very"
"vertex_2","'d 'll 'm 're 's come na things wanted work","'m 's come guy na things though very work","'d 'll 'm 're 's guy things though wanted work","'d 'll by come got things wanted work","'d got she","'m 's guy na things very","'d 'll 'm 're 's na things","'ll 'm 're 's at come guy na probably she things though wanted work","'d 'll 'm 're 's by come things though wanted work","'d me she"
"vertex_3","'d 'm 's come na things though work","'m come guy na wanted work","'m 're guy na things though wanted","'d 's good guy na things though time very will","'m 's na very","'m 're guy things though wanted","'ll 'm 's come guy na things though wanted work","'ll 'm 's at guy probably things though very","'m 've all another as at but call cause get goes good guy has if in my na so something ten time very wanted went work","'d 're me"
"vertex_4","'m come guy na things very wanted work","'m 're got work","'re got wanted","'d 'll 'm 're 's things though wanted","'ve all another as at because but call came cause different em everything five four get getting good guy had has if in just kind lot my na no okay on one out probably so something ten think this three time too wan wanted well went why will","'m 're got","'ve all another as at because but call came em everything five get getting goes good had has if in just lot my no on one probably so ten think this three time wan well went why will alright","'d 'll by got","'m 're very wanted work","'d 'll 'm 're though"
"vertex_5","'m come guy na things though very work","'ve all as call cause first five for four get good has if in it my need okay one pretty something ten three time well went will","'ve a after all another anything as at but call came cause different doing em everything first five four get getting goes good had has if in into just kind long lot mom no okay on one probably so something ten than think this three time too wan want well went why will alright","'d 'll got me","'ve a all another as at but call came different em everything five get getting goes good had has if in just lot mom no okay on one out probably so ten think this three too wan well went why will","'m guy na things though","'ve all as because but call came cause even everything five four getting god good had if kind my no on one right so something ten think this three time well went why will","'ll 're got she","'ve a all another anything as at came cause different em even five four get getting goes good had has if kind long mom no okay on something ten three time too went why will","'m 's guy lot na things though very wan wanted"
"vertex_6","'ve a after all and another anything at but call cause different em everything getting goes just mom on or probably so think this too went why","'ve a all another as at call came cause day different do does doing em first five for four get getting goes guess had has he if in it maybe mom okay out over probably said some ten then three well went will","a could different does doing guess he him little maybe mom of said some then was","'d 'll 're me","a different does doing guess he of okay out three was","'ve all another as but call came cause em five get had has if in no okay ten three wan want went why will","a anything at came day different do does doing em everything getting goes guess had he if little maybe mom of okay on one out said some than then think this three was well why year","'ve a all another anything as at but call came cause day different do em five four get getting god good had has if in it kind long mom my need no okay on one out probably something ten than think this three time too well went why man","'ve a all another anything as at came cause come day different do doing em first five for four get getting goes good guess had has if into it kind long mom need no okay on one out pretty said some something ten than thought three time too well went why will","'m 're things though wanted"
"vertex_7","'ve a all another anything but call cause come different em everything getting mom on say think this too went why work","'ve all as but call cause first for four get god good has it kind need no pretty say something thought time well went why man","a about anything different doing everything getting guess him into little long mom on said some than","'ve another as at cause even everything five get getting goes had has if in lot my okay one probably ten three time want will alright","a another at different doing em everything five getting goes guess had he just little lot mom okay on out probably so ten think this three too wan want went alright","'ve all another as at but call came cause em get getting goes had has if just lot no okay on probably ten this three wan want went why alright","a another at came em everything five getting goes had if in little okay on one probably ten think this three well why will alright","'ve after all around as at because but ca call cause everything from get getting god has just kind let look lot on probably so think this wan went why man alright","'ve after all another as at because but ca call cause get goes good has if in just lot my probably so something ten time wan went alright","'ve a another at came different em get getting goes had has in just lot mom okay probably ten three wan want will alright"
"vertex_8","'ve after all another around at because but call cause em everything from get getting goes just look lot n't probably so this wan want went alright","'ve after all anything as at but call came cause day different do doing em everything first for four get getting goes guess had has he into it just long lot maybe mom no on over probably said say so some than then think this thought too well went why","a came day different do does doing had it mom okay one out three well will","'ve all another anything as at call came cause em everything five get getting goes good had has if in just lot no okay on one over probably something ten think this three time too went why will alright","about everything think this","'ve all another as because but call came cause five four get good had has if in kind my no okay one something ten three time wan went why will","a another at em everything five getting goes had little okay on probably ten want alright","'ve at because from get has look lot n't probably wan alright","'ve after all another anything as at but ca call came cause different em everything four get getting goes good had has if just kind long lot mom no on probably so something ten think this time too went why alright","'ve after all another as but call came cause em five get getting good has just kind lot my no so something ten think this time wan went why"
"vertex_9","'ve all another but call cause come em everything get getting guy things this wanted went work","'ve all as call get has in my ten time wan went","a another anything as came cause different doing em even everything first five for four getting good had if in into it kind long mom no okay on one pretty something ten than three time too want well why will","'ve another around as at because cause everything five from get getting goes had has if in look lot my n't probably ten time wan want will alright","after around because everything from just lot more over so think this wan alright","'ve all another as because but call came cause get guy had has if kind lot no okay ten this three wan went why","about when","'ve a all another anything as at but call came cause day different do em even first five for four get getting god had has if in it kind long mom my need no okay on one out pretty probably right something ten than think this thought three time too well went why will man","'ve all another anything as at but call came cause different em everything four get getting goes good had has if into kind long mom no on so something ten than think this time too went why","'ve all another as but call came cause come different em first five four get getting good guy had has if in just kind lot mom my no okay one something ten things think this though three time wan wanted well went why will work"
"vertex_10","'ve a all another anything as at but call came cause different em five good had if kind mom no okay on something ten think this three time too went why","'ve all another as at call get goes going has in over probably ten wan want went alright","a anything at different doing everything getting goes guess into little long mom on probably said than that think alright","'ve after all another anything around as at but ca call came cause em everything five from get getting goes good had has if in just lot no on probably so something ten think this time too wan went why will alright","after all around because but ca cause everything from god just kind lot people so sure think this wan","a all another as but call came cause day different do em five had if no okay out ten than three too went why will","about at everything getting goes little on than think this","'ve after all around as at because but ca call cause even everything get getting god has just kind let lot on people probably right so sure think this wan went why man alright","a another at came come day different do does doing em getting goes guess he maybe mom of okay out said some their then three was","a came different does doing em getting guess had he little mom of okay out their three was"
"vertex_11","'ve a all another anything as but call came cause come day different do em first five for four good had if it kind mom need no okay on one out pretty say something ten think this thought three time too well went why will work","'ve after all as at call get goes has just lot over probably so wan went alright","a came come day different do does doing had mom okay one out three well will work","a does first five for had him if okay one pretty ten thought three will","always put","a all another anything as at but call came cause day different do does doing em getting goes guess had he if into long maybe mom no of okay on out said some ten than their then think this three too was went why year","about even everything getting into long on than think this too","'ve another at get going guy has in my one probably ten very will","about which","a at different em even getting goes had just lot mom probably wan want alright"
"vertex_12","'ve all another as at because but call cause em five get good had has if in kind my no okay something ten this three time went","about him when which","about him when which","a anything came come day different do does doing em first five for guess had have he if into it long maybe mom need of okay on one out pretty said see some ten than their then there think thought three too was well why will year","always and like much never now or that the who you great","about","after at everything getting goes on so that think this","'ve at because get has lot n't probably wan want alright","after around ca from look so sure wan alright","a could different does doing em getting guess had he him little maybe mom of said some their then was way year"
"vertex_13","'ve all another as but call cause come em five four get good guy had has if in kind my no okay one something ten things this though three time went will work","about over","about anything doing guess him into long said some than were whole yes","a another at does five getting goes had him if okay one probably ten three will alright","always much never other the you great","after all anything but call cause everything getting into long no on so than think this too went why","after even everything getting into let long on real say so think this too man","a anything at come day different do em getting it long mom on out probably than think this too wanted why work","after around ca everything from getting more on over so this alright","about when"
"vertex_14","a another at different does em goes mom probably","after but ca cause down everything more over so with","about anything doing gon guess into long said some than were yes","a another anything at came different does doing em five getting goes guess had he if little mom of okay on one out probably ten their think this three too was why will alright","an should when where which","after all anything but call cause into kind long no so this too went why","after around at because ca everything from getting goes just lot more on probably so think this wan alright","a anything at day different do does doing em getting goes guess he is long maybe mom of on out probably said some than their then think this too was why","always and before like never now or that the who great","about gon whole"
"vertex_15","a another come different does em mom she work","after but ca call cause everything get just lot over probably so","after all around because but ca cause everything from god just kind let look lot so sure this wan alright","about him when which","an be big should","after all around but ca call cause everything from getting just look lot no on so this wan went why alright","after around at because everything from getting goes just look lot more n't on probably so wan want alright","a another anything at came day different do does doing em getting goes guess had he long mom of okay on out probably said than think this three too why","always much never other that the you great","after all as but call cause em everything getting just kind lot more no on over so they think this through too wan went why"
"vertex_16","a another at came different does em mom okay three","after around ca down from look more our over so thing um with","after anything came different doing everything getting goes into long mom on over so than think this too why","about anything doing guess he little on their think this too","and before did never or tell","after all around because but ca call cause kind lot no so this wan went why","after around because ca even everything getting more on so think this","a anything at day different do does doing em getting goes guess he little long maybe mom of on out probably said some than their then think this too was why","an can what when where which","after all as but ca call cause everything getting just kind lot no on so think this wan went why"
"vertex_17","a another came come day different do does em mom okay out three will work","after around ca call from get just look lot n't over probably so wan alright","after ca everything more our over so thing this um","after anything ca everything from on our so think this too um","another at because different em everything five getting had just lot okay on out probably so ten think this three too wan want went alright","all but cause day do even for no than too why","all anything at but came em everything getting goes good had if no on one so that think this three well went why","about","another at goes going okay three","all as but call cause different em everything first for four getting had just kind lot mom no on think this too wan went why"
"vertex_18","a at different does doing em goes guess he little maybe mom of said some their then was","always much never put the","always like much never now or other put that the who you great","all anything as came cause em first five for four good had if into it long need no okay on one pretty something ten think thought three time too well why will","any been down every go here more still they thing through up with yeah","all anything but cause everything into long no on over so than think this too why","all anything but came cause even everything first for four getting god good had if into it kind let long no on one pretty real right say so something think this thought three too well went why man","after at everything getting goes just lot on over probably so think this why alright","another at goes going probably want alright","always and before did like never the who you"
"vertex_19","a could different does doing em guess he maybe mom of said some their then was way year","always much never other that the you great","an should where","all anything as but came cause em first five for four god good had if into it kind let long no on pretty right say something ten think thought time too why will man","any are been down here more our thing through um up with","all but cause day first for four it kind need no pretty something thought too why","always much never other that the you great","always and much never other put that the you great","another at goes she very work","always never the who you great"
"vertex_20","a about after anything at but cause different doing em everything getting goes guess mom on over said so some than think this too why","always like never now other that the who you great","and everything or that alright","always like now or the who great","anything different for into long on out say than think too yes","all but cause for four god kind let no real right say something thought too why man","always and before did like never or that the who you great","always and like never now or that the who you great","any every up yeah","always much other that the you great"
"vertex_21","a anything but cause different doing em everything getting guess mom on said say some than think this too why","an where","any down here our still they thing through um up with yeah","an when where which","anything different doing guess he him into long maybe mom on out said some than then think too were what when yes","all anything but cause into kind let long no real so this too why","an where","an where","any down here up with yeah","an her make what when where which"
"vertex_22","a day different do does doing em guess he maybe mom of out said some their then was way year","and ca or","anything doing first for four into it kind long no pretty say than thought too well whole why yes","an can those where","anything different doing everything getting guess had he him long mom on out than think this too","all another as but call came cause day first five four good had if it kind need no okay one pretty something ten three time too well went why will","and before now or put that the who you great","and before did never put","are been with your","an gon make not which whole"
"vertex_23","a anything at but cause different doing em even five guess had into kind long mom no on said some than think this too why","and before did like never now or the who","anything doing gon into long than too why yes","and like much never or other that the you great","anything came different first for four into it kind long need no on out pretty say than think thought too well why man","all another anything as but call came cause come day guy had if into kind long no okay ten this three too wanted went why work","another as at because em everything five get getting goes going guy had just lot on probably so ten wan want went alright","and before did like never now or","are our um with","any are been down here more still they thing through um up with yeah"
"vertex_24","a anything but cause day different do doing em first five for four guess had into it kind long mom no on out pretty said say some than think this thought too why","any down every with","anything different doing everything getting goes guess into long mom on over said than think","and before did like never or tell","anything came different into it long mom no on out than think too well why","all but call cause four god kind no something too went why","any are down here more our still up with yeah","any are been down here more our thing um with yeah","around ca from look n't","anything came come day different do doing em first getting good guess had he it mom no okay one out think three well why"
"vertex_25","about said some when which","any down here still they through up with yeah","are been our thing um","any down here more our they thing through um up with yeah","anything but came cause different everything first for four getting had it kind long no on out pretty say something than think this too wanted well why man","all but ca cause everything more no on over so this why","any are been down here more our thing um up with yeah","any are down here more our they thing through um up with yeah","be should which","anything day different do doing em first for getting gon guess had he into it long maybe mom no on said some than then think too were whole why year yes"
"vertex_26","after around at but cause em everything getting goes over so this alright","anything day do doing first for gon guess he into it long maybe said say some than then thought were yes","be big can should those where","any are been ca down our um us with","anything but came different everything getting had it long mom no on out than think this too well why","all but cause four god kind no people something sure why","anything came day do even everything first for four getting had if into it long mom okay on one out pretty said some than think this thought three too well why","any every his","be not should","are been down here lot more they thing through um up wan"
"vertex_27","always other the you great","are ca tell with","be big should we where","anything doing for gon guess have he into long maybe on said see some than their then there think thought too were year yes","around because from look n't wan","all because but call cause four god kind no something sure wan went why","around because ca people sure us","any still they through up yeah","be big should","are around been ca from lot sure um wan"
"vertex_28","always and like now or that the who you great","are been ca our um with","because n't sure","anything everything more on our over they think this too um","around because from look sure wan","always much other that who you great","as because cause everything five getting guy had on so ten wanted went","anything doing guess he into is long maybe said some than their then too were yes","before did tell","are been tell um with"
"vertex_29","always and before like never or the who you","around ca people sure us","before never or put","anything for into let long on real right say think thought too man","be can should","always like much never other put the who you great","at everything getting goes little more on over probably think this alright","anything first for gon into it long pretty real say than thought too were yes","before did never","around from look lot n't our sure um wan want"
"vertex_30","an can where","around because ca call get sure wan","before did or tell","around because look n't sure","because going n't wan want","always before like never now or put who","at everything getting goes little more on over probably want alright","anything even first for god into it kind long pretty real right say than thought too man","big we","at em getting goes just lot more over probably through wan want alright"
"vertex_31","an which","be her those","by come things though wanted well work","around ca people us","been ca people sure us","an be big where","be can her those where","anything doing guess he him into long maybe said some than their then too were what when which yes","but ca cause people something time","be make not should whole"
"vertex_32","and before or put the who you","be big can","can him those what where","as cause even first five for four had if my okay one pretty ten thought three time will","but cause everything god kind let right say think this man","an big can where","be big her should where","are did tell","but ca cause god kind let something time","be big we"
"vertex_33","and before did or tell","before only","cause even everything kind let sure","as cause first five for four had if my pretty right say ten thought time will","by different need out well","an when where which","be big we","are been did from look our um","but cause god kind let real right say something time man","because lot n't sure wan want"
"vertex_34","and before but ca cause did let or","before did tell","come guy one things though wanted well will work","be big we","by come different guy in na okay one out things three wanted well will work","and did like never other the who great","because people right sure","are around ca did from look","ca that","because going lot sure very wan want"
"vertex_35","another come em guy she work","big we","could him make those what","be big should","come day different do it out pretty wanted well work","and did like never or who","before did or tell","are around ca more people sure us","can her those what where which","been people us"
"vertex_36","any down here still with yeah","but ca cause let people sure","could doing guess he him is make maybe not of said see some then told was were whole yes","because going has in my n't time want will","could him i know those what","any every still they through up yeah","by she","be big can her not should those where","cause first for kind need pretty real right say something thought time man","been every"
"vertex_37","any down every here more still they thing up with","but ca call cause even get sure","could her how i know make those","before did like now or tell","could day different do does doing guess have he him how i is know make maybe of out said see some their then there told was way were what year yes","any are down here more our they thing through um up with","by got","could doing have he her him how i know make maybe not said see some their then there told way were what whole year yes","could her i know what which","big where"
"vertex_38","are been down here more our thing um with","but cause for god kind let right say thought man","could doing gon guess have he her how i know make maybe not of said see some their then there told was way were year yes","could him is make what when which whole","day different do it need out pretty well","any are been","by come okay things work","could day do does doing he i maybe of out said some their then was way year","could doing guess have he her him how i know make maybe of said see some their then there told was way what year","by come she though work"
"vertex_39","around because but ca cause from look sure","ca let only your","could different does doing guess he i maybe mom of said some their then was","could have her how i is know make maybe see their then there those told way year","day different do is it out well","are ca more","came even everything five four getting had if okay on one ten think this three well why will","day do does doing he i is maybe of out said some their then was way year","doing gon guess into long not said some than told were whole yes","can her make those"
"vertex_40","be should we","call get going n't over probably wan want alright","day do doing it out well whole yes","could have i is maybe of see their then there was way year","different okay out she three","are been ca us","cause everything for getting had on so wanted went","doing have he her how i is know make maybe said see some their then there told way were year yes","even getting on over","could have her him how i know make maybe said some their then there told way what year"
"vertex_41","be big can her should those where","come day do doing first he it maybe out said some then well work","do doing gon yes","every go his","even think","be her","could have her him how i know make maybe see their then there those told way year","even god kind let real right man","every still up","did tell"
"vertex_42","because but cause god kind people something sure","come first it need pretty thought wanted well work","every","for him thought when which whole","every go his","be not should","could he him i little maybe of their then was way year","go his","every go his","even lot sure wan want"
"vertex_43","but cause god kind let right say something man","come day do doing first he is it maybe said some then thought well work","go his","going has in my okay one three time want will","go more over they think","by come guy work","day do it need okay one pretty three well","god kinda right stuff man","getting little over alright","every go"
"vertex_44","but cause even god kind let","come she work","god kind let right man","gon not see yes","go kinda","by she","even everything getting more on over think this","gon mm","gon which","first four god kind pretty something things though wanted"
"vertex_45","but cause god kind let real right say man","could doing guess he him maybe said some their then what year","god kind right stuff man","good guy has in na time will","go real say think","ca did or tell","every go his","gon not should","got","first it need pretty"
"vertex_46","can her not should those","could doing have he her how i know maybe said see some their then there way whole year","going in one pretty time want will","her how make not see told","god kind let real right say think man","ca did tell us","gon not said see some there were yes","gon it not pretty were whole yes","here more over they thing um up with","first for four god kind let pretty real right say thought man"
"vertex_47","come guy she very work","could her i know those","going in my one pretty time will","kinda","going very","can her how those","good it need one pretty three well","me","him is what when","first for gon into it long pretty real say thought whole"
"vertex_48","could have her how i know make maybe not said some their then those told way were year","could does doing guess he little maybe of over said some their then was year","going has in one time want will","make not should whole","gon not should were when whole yes","could her him told what","have her how make not see there those told","mean mhm oh would remember","into is long than","go his"
"vertex_49","go his","could doing he maybe of said some their then was way year","gon not should","mean","got me","could her how i know make maybe their then told way what year","have her how make not told whole","new really","kinda stuff","go stuff two"
"vertex_50","going","day do doing first gon have he is it maybe said see some then there thought were whole yes","good in kind my need one pretty something time well will","mhm new oh really would years remember","have her how is know make not see should there told were whole yes","do gon not told were whole yes","her him those what when which","not should we","me","gon have how is make maybe not said see some then there told were whole year yes"
"vertex_51","gon not said some were yes","doing guess he him maybe said some then what when which year","good guy in kind my one something things though time wanted well will","mm","her know should those where","do gon have how make maybe not said see some then there told way were year yes","her not should","off uh","mean mhm oh would years remember","got though"
"vertex_52","gon said some were whole yes","doing have he her how is know make maybe not said see some then there told way whole year","her those where","new really uh","him what when which","do have how is make maybe said see some their then there told way year","here more still they up yeah","oh years remember","mm new","here lot more our thing through um wan want"
"vertex_53","got she","down here more our over they thing through um up with","him when where which","off we","kinda right","even go","here more they thing through up yeah","only","never put","kinda right stuff"
"vertex_54","have how i know make maybe said see some their then there told way were year","for kinda real right say stuff thought man","kind let real right say man","only your","kinda stuff","every his","him little what","stuff two","new really","like now or who"
"vertex_55","here more our over thing um","go his","kind kinda right stuff man","pretty stuff","mean oh years","go your","is maybe said see some then there year","them","new off","mean oh remember"
"vertex_56","here through","got me","me","put","mhm oh would remember","going guy","kinda let real right say stuff man","when where which","new we","mhm new really"
"vertex_57","here more over they thing up","got she work","mean oh years remember","real stuff","mm should","how not should","kinda your","your","new uh would","mhm oh years remember"
"vertex_58","him i maybe said some their then","her make not should whole","mhm years","still through yeah","new really","kinda stuff","me",NA,"only your","mhm new oh would"
"vertex_59","i maybe said some their then what when","kinda stuff two","mm","stuff two","off uh","kinda right","mean mhm oh uh remember",NA,"over they through up","mm really whole"
"vertex_60","is","mean","more our over they thing through um up","tell us","off we","little maybe of their then was year","mhm new really uh would remember",NA,"people us","new really stuff"
"vertex_61","kinda stuff","mhm oh years remember","new really uh","them","only","me","mhm would years remember",NA,"right stuff","now who great"
"vertex_62","kinda your","mhm would","new would","two his","should we","mean oh would","mm",NA,"still through up","off"
"vertex_63","me","mm","off",NA,"tell your","mhm uh","new off really",NA,"them","oh uh would"
"vertex_64","mean","new really","oh would years",NA,"them","mhm oh would years remember","not some whole yes",NA,"two","only"
"vertex_65","mhm new uh would","off we","only",NA,"two","mm really","only",NA,NA,"put"
"vertex_66","mhm oh would remember","off uh","people sure us",NA,NA,"more over they thing through up","other put that the you great",NA,NA,"them"
"vertex_67","mhm oh years remember","them","she work",NA,NA,"n't who","still his",NA,NA,"your"
"vertex_68","mm","where which","them",NA,NA,"new off really","them",NA,NA,NA
"vertex_69","much other the you great",NA,"two",NA,NA,"new really uh","two",NA,NA,NA
"vertex_70","much put the you",NA,"very",NA,NA,"only",NA,NA,NA,NA
"vertex_71","new really",NA,"your",NA,NA,"stuff two",NA,NA,NA,NA
"vertex_72","new off",NA,NA,NA,NA,"them",NA,NA,NA,NA
"vertex_73","only",NA,NA,NA,NA,"we",NA,NA,NA,NA
"vertex_74","stuff two",NA,NA,NA,NA,NA,NA,NA,NA,NA
"vertex_75","them",NA,NA,NA,NA,NA,NA,NA,NA,NA
"vertex_76","us",NA,NA,NA,NA,NA,NA,NA,NA,NA
